Workbook

Sheet system_config
A1: key | B1: value | C1: comment
A2: OPS_CAPACITY_MODEL_SHEET_ID | C2: ID этого файла Google Sheets после загрузки.
A3: OPS_DB_SHEET_ID | C3: ID OPS_DB (факты производства/сборки/отгрузок).
A4: CONTROL_MODEL_SHEET_ID | C4: ID Control Model (нормативы/роли/сценарии).
A5: TIMEZONE | B5: Europe/Berlin | C5: Таймзона.
A6: ENV | B6: prod | C6: Окружение dev/prod.
A7: CAPACITY_SOURCE | B7: manual_then_opsdb | C7: Источник мощности: manual_then_opsdb (P0), opsdb_actuals (P1).
A8: NOTE | B8: План мощности = прогноз. Факт мощности — из OPS_DB (events_log/picking_lines/batches). | C8: Памятка.

Sheet capacity_inputs
A1: input | B1: value | C1: unit | D1: comment
A2: workday_hours | B2: 8 | C2: hours | D2: Сколько часов в смене.
A3: shifts_per_day | B3: 1 | C3: count | D3: Смен в день.
A4: utilization_cap | B4: 0.85 | C4: ratio | D4: Предельная загрузка (чтобы не ломать людей).
A5: buffer_for_chaos | B5: 0.15 | C5: ratio | D5: Буфер под авралы/тупёж/потери.

Sheet OPS_Capacity_Model
A1: OPS_Capacity_Model — модель мощности и узких мест
A3: БЛОК 1. Нормы времени (ввод)
A4: Параметр | B4: Ед. | C4: Значение | D4: Комментарий
A5: Время подготовки смеси на партию | B5: мин/партия | C5: 20 | D5: 1 замес
A6: Размер партии | B6: шт/партия | C6: 25 | D6: Сколько изделий в одном замесе
A7: Лепка (формование) | B7: мин/шт | C7: 1.8 | D7: Ручная формовка
A8: Контроль качества | B8: мин/шт | C8: 0.3 | D8: Визуал + вес
A9: Упаковка | B9: мин/шт | C9: 0.6 | D9: Коробка + вкладыш
A10: Сушка (стабилизация) | B10: час/партия | C10: 12 | D10: Параллельный процесс
A11: Вместимость одной полки | B11: шт | C11: 200 | D11: Одновременная вместимость
A13: БЛОК 2. Ресурсы (ввод)
A14: Этап | B14: Ресурс | C14: Кол-во | D14: Часов/день | E14: Комментарий
A15: Подготовка смеси | B15: Сотрудники | C15: 1 | D15: 8 | E15: Один универсал
A16: Лепка | B16: Сотрудники | C16: 2 | D16: 8 | E16: Узкое место в демо
A17: Сушка | B17: Полки | C17: 3 | D17: 24 | E17: Не ограничивает, если хватает
A18: Контроль качества | B18: Сотрудники | C18: 1 | D18: 4 | E18: Частичная занятость
A19: Упаковка | B19: Сотрудники | C19: 1 | D19: 6 | E19: После обеда
A21: БЛОК 3. Расчёт мощности по этапам (авто)
A22: Этап | B22: Формула (человеческим) | C22: Мощность, шт/день | D22: Примечание
A23: Подготовка смеси | B23: (люди×часы×60 / мин_на_партию) × размер_партии | C23: =ROUND((C15*D15*60/$C$5)*$C$6,0) -> 600 | D23: Ограничение по замесам
A24: Лепка | B24: люди×часы×60 / мин_на_шт | C24: =ROUND((C16*D16*60)/$C$7,0) -> 533 | D24: Часто узкое место
A25: Сушка / стабилизация | B25: полки×вместимость×(24/часов_сушки) | C25: =ROUND((C17*$C$11)*(24/$C$10),0) -> 1200 | D25: Если сушка >24ч — скорректируй формулу
A26: Контроль качества | B26: люди×часы×60 / мин_на_шт | C26: =ROUND((C18*D18*60)/$C$8,0) -> 800 | D26: Запас желателен
A27: Упаковка | B27: люди×часы×60 / мин_на_шт | C27: =ROUND((C19*D19*60)/$C$9,0) -> 600 | D27: Часто второй узел
A30: БЛОК 4. Итог и управленческие выводы (авто)
A31: Фактическая мощность (узкое место) | B31: шт/день | C31: =MIN(C23:C27) -> 533 | D31: Минимум по всем этапам
A32: Безопасный план (85% мощности) | B32: шт/день | C32: =ROUND(C31*0.85,0) -> 453 | D32: Планировать на 100% запрещено
A33: Цель x2 (от безопасного плана) | B33: шт/день | C33: =C32*2 -> 906 | D33: Требует усиления узкого места
A34: Цель x3 (от безопасного плана) | B34: шт/день | C34: =C32*3 -> 1359 | D34: Только при устойчивой системе
A35: Узкое место (этап) | C35: {=INDEX(A23:A27, MATCH(C31, C23:C27, 0))} -> Лепка | D35: Куда давить для роста
A38: БЛОК 5. Подсказки по росту (x2/x3) — авто
A39: Если узкое место = Лепка: сколько людей нужно на цели (при текущих часах и норме)
A40: Требуемые лепщики для x2 | B40: чел | C40: =IF($C$35<>"Лепка","—",CEILING(($C$33*$C$7)/(D16*60),1)) -> 4 | D40: Сравни с текущими (Блок 2, лепка)
A41: Требуемые лепщики для x3 | B41: чел | C41: =IF($C$35<>"Лепка","—",CEILING(($C$34*$C$7)/(D16*60),1)) -> 6 | D41: Если слишком много — думай про смены/оснастку

Sheet Capacity_By_SKU_Group
A1: Capacity_By_SKU_Group — мощность по группам SKU (ядро/наборы/распродажа)
A2: Идея: | B2: разные SKU/группы требуют разного времени → мощность считается по «средневзвешенной норме» на группу.
A4: БЛОК 1. Ввод по группам
A5: Группа SKU | B5: Доля плана | C5: Мин/шт Лепка | D5: Мин/шт Упаковка | E5: Мин/шт QC | F5: Размер партии | G5: Мин/партия смесь | H5: Часы сушки
A6: Solace_ядро | B6: 0.7 | C6: 1.8 | D6: 0.6 | E6: 0.3 | F6: =OPS_Capacity_Model!$C$6 -> 25 | G6: =OPS_Capacity_Model!$C$5 -> 20 | H6: =OPS_Capacity_Model!$C$10 -> 12
A7: Solace_наборы | B7: 0.2 | C7: 2.3 | D7: 1 | E7: 0.4 | F7: =OPS_Capacity_Model!$C$6 -> 25 | G7: =OPS_Capacity_Model!$C$5 -> 20 | H7: =OPS_Capacity_Model!$C$10 -> 12
A8: Lolsoap_распродажа | B8: 0.1 | C8: 1.5 | D8: 0.5 | E8: 0.3 | F8: =OPS_Capacity_Model!$C$6 -> 25 | G8: =OPS_Capacity_Model!$C$5 -> 20 | H8: =OPS_Capacity_Model!$C$10 -> 12
A10: БЛОК 2. Средневзвешенные нормы (авто)
A11: Показатель | B11: Значение | C11: Формула
A12: Доля плана (проверка = 100%) | B12: =SUM(B6:B8) -> 1 | C12: Сумма долей должна быть 1,0 (100%)
A13: Средневзвеш. Лепка (мин/шт) | B13: =SUMPRODUCT(B6:B8,C6:C8) -> 1.87 | C13: SUMPRODUCT(доля; норма)
A14: Средневзвеш. Упаковка (мин/шт) | B14: =SUMPRODUCT(B6:B8,D6:D8) -> 0.67 | C14: SUMPRODUCT(доля; норма)
A15: Средневзвеш. QC (мин/шт) | B15: =SUMPRODUCT(B6:B8,E6:E8) -> 0.32 | C15: SUMPRODUCT(доля; норма)
A16: Размер партии (шт) | B16: =OPS_Capacity_Model!$C$6 -> 25 | C16: Берём из основной модели
A17: Мин на партию смесь | B17: =OPS_Capacity_Model!$C$5 -> 20 | C17: Берём из основной модели
A18: Часы сушки (на партию) | B18: =OPS_Capacity_Model!$C$10 -> 12 | C18: Берём из основной модели
A20: БЛОК 3. Мощность по этапам с учётом микса SKU (авто)
A21: Этап | B21: Мощность, шт/день | C21: Комментарий
A22: Смесь | B22: =ROUND((OPS_Capacity_Model!C15*OPS_Capacity_Model!D15*60/OPS_Capacity_Model!$C$5)*OPS_Capacity_Model!$C$6,0) -> 600 | C22: Не зависит от микса SKU (если рецептура одинаковая по процессу)
A23: Лепка | B23: =ROUND((OPS_Capacity_Model!C16*OPS_Capacity_Model!D16*60)/$B$13,0) -> 513 | C23: Учитывает средневзвешенную норму лепки
A24: Сушка | B24: =ROUND((OPS_Capacity_Model!C17*OPS_Capacity_Model!$C$11)*(24/OPS_Capacity_Model!$C$10),0) -> 1200 | C24: Грубая оценка; точнее — по площадям/партиям
A25: QC | B25: =ROUND((OPS_Capacity_Model!C18*OPS_Capacity_Model!D18*60)/$B$15,0) -> 750 | C25: Учитывает средневзвешенную норму QC
A26: Упаковка | B26: =ROUND((OPS_Capacity_Model!C19*OPS_Capacity_Model!D19*60)/$B$14,0) -> 537 | C26: Учитывает средневзвешенную норму упаковки
A28: Итоговая мощность (узкое место) | B28: =MIN(B22:B26) -> 513 | C28: Минимум по этапам
A29: Безопасный план (85%) | B29: =ROUND(B28*0.85,0) -> 436 | C29: Планировать на 100% запрещено
A30: Узкое место (этап) | B30: {=INDEX(A22:A26, MATCH(B28, B22:B26, 0))} -> Лепка | C30: Куда давить для роста

Sheet OPS_Reglament
A1: OPS_Capacity_Model — Операционный регламент
A3: Цель регламента | B3: Зафиксировать единые правила расчёта мощности производства, выявления узких мест и допустимых объёмов плана. Регламент обязателен для COO, производства, планирования и закупок.
A4: Принцип управления мощностью | B4: План производства формируется только на основе рассчитанной мощности. Запрещено планировать выпуск выше безопасной мощности (85% от фактической).
A5: Источник истины | B5: Единственным источником данных по мощности является файл OPS_Capacity_Model. Все устные договорённости и альтернативные расчёты недействительны.
A6: Периодичность обновления | B6: Нормы времени — пересматриваются при изменении рецептуры или технологии. Ресурсы (люди, часы, оборудование) — обновляются при любых изменениях состава смены. Пересчёт мощности — минимум 1 раз в месяц и при каждом решении о росте.
A7: Узкое место | B7: Узким местом считается этап с минимальной рассчитанной мощностью. Все инициативы по росту начинаются с расширения узкого места.
A8: Правило роста x2 | B8: Рост x2 разрешён только при заранее рассчитанном расширении узкого места и подтверждённой возможности удерживать безопасный план.
A9: Правило роста x3 | B9: Рост x3 допускается только при наличии резервов по людям и времени (не менее двух независимых ресурсов на узком этапе).
A10: Связь с планированием | B10: OPS_Capacity_Model используется как ограничитель для OPS_Production_Plan. План, превышающий допустимую мощность, считается ошибочным и подлежит пересмотру.
A11: Ответственность | B11: COO отвечает за актуальность данных и корректность расчётов. CEO утверждает решения о росте и изменении мощности. Производство обязано исполнять план в рамках установленной мощности.
A12: Запреты | B12: Запрещено: — планировать выпуск «с запасом»; — компенсировать нехватку мощности авралами; — игнорировать расчёт узкого места.
A13: Результат применения | B13: Стабильный выпуск без перегрузки людей. Предсказуемое масштабирование. Отсутствие скрытых операционных рисков.
